rank,uri,artist_names,track_name,source,peak_rank,previous_rank,days_on_chart,streams
1,"spotify:track:5Us3svqTvNAdnQfEYfoL5g","LIT killah","La Trampa es Ley","WEA Latina",1,1,6,"393377"
2,"spotify:track:6mmPpaltUZK7xjNlBPQQ0p","Rauw Alejandro, Chencho Corleone","Desesperados","Sony Music Latin/Duars Entertainment",1,2,69,"363819"
3,"spotify:track:2Gq636OOGgxCTqEuzCZhsa","Bizarrap, Tiago PZK","Tiago PZK: Bzrp Music Sessions, Vol. 48","DALE PLAY Records",1,3,50,"334777"
4,"spotify:track:5NMPnWUDvXr8Vnauv7I7YZ","FMK, Maria Becerra","Tranquila","Columbia",3,4,34,"315016"
5,"spotify:track:4TGwERXRlyQtBdggYTHo6j","Tiago PZK, LIT killah, Maria Becerra, Nicki Nicole","Entre Nosotros (Remix) [con Nicki Nicole]","WEA Latina",1,5,43,"285483"
6,"spotify:track:6LBpjWMfy1NUfyxAJbcMRs","La K'onga, Nahuel Pennisi","Universo Paralelo","Leader Music",3,6,98,"284932"
7,"spotify:track:5gJuYaon5zaZahQyAd0LVx","Rusherking, Tiago PZK","NOW","Rusherking",7,7,13,"260404"
8,"spotify:track:7JZ5mOTea5T4LH0UdwCsWx","Duki","TOP 5","DALE PLAY Records / SSJ Records",3,8,83,"252388"
9,"spotify:track:0lJE8f0lx8mUSfMyxeYpiC","TINI, L-Gante","Bar","Sony Music Latin",1,9,98,"233133"
10,"spotify:track:5i82o3878xCPNCUK8VIeqX","Los Ángeles Azules, Nicki Nicole","Otra Noche","OCESA Seitrack",10,10,97,"219833"
11,"spotify:track:166qsYi2wR3u6qfg7wrh1r","Perro Primo, EL NOBA, R Jota, Dj Plaga, DT.Bilardo","Yendo No, Llegando","Kriterio Music",9,11,39,"215835"
12,"spotify:track:2cR9cH9ta7MStHBKs0aOcz","Salastkbron","TITAN","WM Argentina",2,12,84,"213439"
13,"spotify:track:6P096SaOzrgGxs8NWOfX7M","Tiago PZK, Trueno","Salimo de Noche","WM Chile",1,13,118,"212796"
14,"spotify:track:13XxxfnZmFEkU90QN8bOjz","C.R.O, Duki, FMK","INTERESTELAR","C.R.O bajo licencia a NOCITA / DALE PLAY",14,14,20,"210136"
15,"spotify:track:3EcCc1U405tm8yKm1x6Y8W","La K'onga","Te Mentiría","Leader Music",12,16,272,"192601"
16,"spotify:track:1p22yVi9e8DT6BEUvOZ0TL","Emilia, Rusherking","De Enero a Diciembre","Sony Music Latin",12,15,63,"192559"
17,"spotify:track:7onMf0QvWgRba2MRxG27yj","La K'onga","El Mismo Aire","Leader Music",5,18,432,"178993"
18,"spotify:track:5j3wzSS6z80VEs71O0gysC","Kaleb Di Masi, Omar Varela","Hace Calor","Wapeo",5,17,66,"177543"
19,"spotify:track:1kjs5eR4DMzyB0gm1Z8waV","Trueno","DANCE CRIP","©️ Ⓟ 2022 Sur Capital Records (por Tierra Agencia)",3,19,91,"170451"
20,"spotify:track:1uK5rDY3BnikyG0sl3tPpc","Sofía Reyes, Maria Becerra","Marte","WEA Latina",20,32,6,"165033"
21,"spotify:track:4xv2A022v5A8nyewDkYOkQ","Emilia, Tiago PZK","rápido lento","Sony Music Latin",1,21,139,"161985"
22,"spotify:track:3sVuWmggRqfAK3qk7OIEAz","MYA, Emilia","BB","Columbia",5,20,85,"161885"
23,"spotify:track:6lX6l7OuA3qrnIRfdsr0dw","Blessd, Justin Quiles, Lenny Tavárez","Medallo","WEA Latina",16,22,111,"156981"
24,"spotify:track:6ylDpki1VpIsc525KC1ojF","Sebastian Yatra","Tacones Rojos","UMLE - Latino",19,23,118,"153021"
25,"spotify:track:5TMLavqGRKNxgzMBrVpC9R","zzoilo, Aitana","Mon Amour - Remix","Universal Music Spain S.L.",24,24,153,"148775"
26,"spotify:track:1GYJpuLq41vEVKXiHGEY9j","Emilia, Duki","como si no importara","Sony Music Latin",1,25,218,"145748"
27,"spotify:track:75HnDKDqsmEzdOKFWe5FZS","NATHY PELUSO","VIVIR ASÍ ES MORIR DE AMOR","Sony Music Entertainment",22,26,66,"144037"
28,"spotify:track:1ri9ZUkBJVFUdgwzCnfcYs","Becky G, KAROL G","MAMIII","Kemosabe Records/RCA Records",28,33,6,"143312"
29,"spotify:track:0Bv7O6fmZk3GrNQFYJaXPn","La Pantera, Quevedo, Juseph, ABHIR, BEJO, Cruz Cafuné, EL IMA","Cayó La Noche (feat. Cruz Cafuné, Abhir Hathi, Bejo, EL IMA) [Remix]","La Pantera",29,30,12,"142449"
30,"spotify:track:23R68uWGdp07SwQdK8mWzI","Rusherking, Maria Becerra","Antes de Ti","Rusherking",1,27,132,"142229"
31,"spotify:track:4WaopyDgvKQP6T852K9boe","Alan Gomez, Mesita","MESITA | Mission 05","WM Chile",20,28,103,"139823"
32,"spotify:track:1fKFxmSByZfjwVSbq0PHye","Ke Personajes","Si No Te Tengo / Ángel / Aquello Que Pasó","Ke Personajes",24,29,161,"138432"
33,"spotify:track:1wcE84DVQUF16xudVFzezL","Mau y Ricky, Maria Becerra","Mal Acostumbrao - con Maria Becerra","Sony Music Latin",4,31,168,"134829"
34,"spotify:track:1CpRJLarXSUho5AopXxNQj","Callejero Fino, Pusho DJ","Pa Tra Rkt","Callejero Fino",8,34,108,"130137"
35,"spotify:track:0ZLkb9lDDlTPwYZPvuGnHB","Duki, Emilia","Esto Recién Empieza","DALE PLAY Records / SSJ Records",35,37,3,"129540"
36,"spotify:track:1mSviQV9iQnGSRyvTIuxAj","Alvaro Diaz, Rauw Alejandro","Problemón","UMG Recordings, Inc./Universal Music Latino",35,36,45,"128907"
37,"spotify:track:0cOa970mzTWAxKtltpkpLc","TINI, Maria Becerra","Miénteme","Sony Music Latin",1,35,294,"126634"
38,"spotify:track:1Hv5uEwnI5UQEFvHWJaL3T","EL NOBA","Tamo Chelo","Kriterio Music",28,38,172,"121503"
39,"spotify:track:2qEoAz0i6yEz5dPggABcLH","Fuego, Manuel Turizo, Duki","Una Vaina Loca","Chosen Few/ WK Records",3,40,118,"119987"
40,"spotify:track:4gzsuuZypVbxs0Af1LSZyB","Tainy, Bad Bunny, Julieta Venegas","Lo Siento BB:/ (with Bad Bunny & Julieta Venegas)","Neon16",18,39,135,"118011"
41,"spotify:track:4Yip3hds5IHyT7AqoNHfmX","Maria Becerra, Becky G","Wow Wow (feat. Becky G)","300 Entertainment",1,41,174,"117318"
42,"spotify:track:5saUoeceT2zau6ScmU77e6","Big Apple, Damas Gratis, Kaleb Di Masi, Homer El Mero Mero, Omar Varela","Que a Pasao - Remix","1.8M",32,42,48,"114541"
43,"spotify:track:7iXJg4IUyrWont5YSQrbKP","Reik, Maria Becerra","Los Tragos","Sony Music México",35,43,84,"110707"
44,"spotify:track:2BEcap3xJtmiPaHKyfQi4e","Rvssian, Rauw Alejandro, Chris Brown","Nostálgico","Sony Music Latin",15,45,160,"108326"
45,"spotify:track:2JPLbjOn0wPCngEot2STUS","Bad Bunny","Yonaguni","Rimas Entertainment LLC",3,44,258,"106502"
46,"spotify:track:1PmKfNsHxPdMaHP496myD3","Salastkbron","TURROMANTIKO","WM Argentina",45,48,23,"105513"
47,"spotify:track:2Qv0DF1us4LhzLj0Cx9cSn","Kaleb Di Masi, ECKO, Papichamp, Blunted Vato, Bruno LC","Turraka - Remix","Wapeo",1,47,167,"105391"
48,"spotify:track:4AKK4j6sYhOO1r6My2qqWO","Perro Primo, EL NOBA, Al Records","TRUCHO","Kriterio Music",18,46,149,"104622"
49,"spotify:track:6KGGhJoXrztLp8ZT91zizs","Duki, Rels B","YIN YAN","DALE PLAY Records / SSJ Records",22,49,83,"103698"
50,"spotify:track:7hiAGGyiLaLBTVroaE08hx","Jona Mix","Cosas Malas","RemiXperience Records",31,50,127,"103011"
51,"spotify:track:2B4GHvToeLTOBB4QLzW3Ni","Farruko","Pepas","Sony Music Latin",2,51,210,"95949"
52,"spotify:track:4kELKaXaNP4EQR8Q8xNIID","Trueno","FEEL ME??","2021 Sur Capital Records (por Tierra Agencia)",7,53,160,"90540"
53,"spotify:track:6w8yBI2vthyN9UnwO4UBWb","Tiago PZK, LIT killah","Entre Nosotros","WM Chile",1,54,223,"88009"
54,"spotify:track:0XYZhJIcwKNjd0tjbSXwaQ","Nicki Nicole, Rauw Alejandro","Sabe","Sony Music Latin/DALE PLAY Records",9,52,113,"87861"
55,"spotify:track:4adB36k21bp4VfOYFF8Hl8","DJ Tao, Kaleb Di Masi","KALEB DI MASI | DJ TAO Turreo Sessions #5","WM Chile",4,55,153,"84018"
56,"spotify:track:7iHHlCbsFou5DZSW5HCPfs","Boza, Lunay, Lenny Tavárez, Juhn, Beéle","Ella - Remix","Sony Music Latin",51,57,104,"83179"
57,"spotify:track:1rxX4SkYDqluMJcYSijMSH","Duki, Justin Quiles, Bizarrap","Unfollow","DALE PLAY Records / SSJ Records",4,56,126,"82894"
58,"spotify:track:1FlL8ycld6uVDDyhV7P5FA","Rauw Alejandro","Cúrame","Sony Music Latin/Duars Entertainment",9,58,208,"79667"
59,"spotify:track:4PDoCa5P0QK7KFhTsEKJB8","Migrantes, Nico Valdi","Noche de Party","LEB Records",51,59,97,"78624"
60,"spotify:track:3rdAz1fbUfZxYgaCviYhRo","Rauw Alejandro","Todo De Ti","Sony Music Latin/Duars Entertainment",1,60,272,"77981"
61,"spotify:track:7rglLriMNBPAyuJOMGwi39","Elton John, Dua Lipa, PNAU","Cold Heart - PNAU Remix","EMI",49,61,176,"75715"
62,"spotify:track:6aMgqUHmyLs5vnyaV98HID","Marama","Ya No Llora","Montevideo Music Group",6,62,141,"75267"
63,"spotify:track:5W1qmxHrMlQGGAiFA3ZQqP","Dímelo Flow, Dalex, Sech, Justin Quiles, Arcángel, De La Ghetto, Lenny Tavárez","Se Le Ve","Rich Music",51,64,181,"73620"
64,"spotify:track:4AM8g5OElpKpuHjMuH1PSk","FMK","Pal Carajo el Amor","Columbia",63,63,6,"73130"
65,"spotify:track:1B7Wxx58QV4xrCjxI4Uu3i","Nicki Nicole, Trueno, Bizarrap","Dangerous","Sony Music Latin/DALE PLAY Records",65,71,13,"71072"
66,"spotify:track:3lGMtkONrZdJ8kTCg6KIFf","Natalia Lafourcade","Hasta la Raíz","RCA Records Label",62,65,109,"70699"
67,"spotify:track:6D2TCm4nf5nxAcdGJ7w3QP","J Balvin, Maria Becerra","Qué Más Pues?","Sueños Globales, LLC",1,66,265,"70259"
68,"spotify:track:0G2zPzWqVjR68iNPmx2TBe","Mora, Bad Bunny, Sech","Volando - Remix","Rimas Entertainment LLC",14,68,224,"69647"
69,"spotify:track:4HzqWEdAbzcVFDv0pvxV4w","Maluma","Sobrio","Sony Music Latin",21,67,223,"69008"
70,"spotify:track:0KvtuCa8aGD8SR39aLLLj5","Migrantes, El Retutu, FMK, Nico Valdi","Hoy Volvi a Verte - Remix","LEB Records",66,70,71,"66505"
71,"spotify:track:5eyO0n1HiiSWdGaaSoK731","MYA, TINI, Duki","2:50 Remix","Columbia",1,69,241,"66125"
72,"spotify:track:4OwhwvKESFtuu06dTgct7i","Marc Seguí, Rauw Alejandro, Pol Granch","Tiroteo - Remix","WEA Latina",25,72,235,"65275"
73,"spotify:track:6BcLvFU6LKuupwRJbJ9cgn","Kaleb Di Masi, Omar Varela","Al Gendarme","Wapeo",66,74,8,"63937"
74,"spotify:track:7COGuXyTr12KvdaYXMqheC","BANDIDO, Duki, Rei, Tiago PZK","No Me Conocen (Remix) [con DUKI, Rei & Tiago PZK]","DALE PLAY Records",1,76,245,"63207"
75,"spotify:track:4MzXwWMhyBbmu6hOcLVD49","Bad Bunny, JHAYCO","DÁKITI","Rimas Entertainment LLC",1,73,475,"63076"
76,"spotify:track:4it6vaFbkGRUaQlwWUMg3v","Maria Becerra","Mi Debilidad","300 Entertainment",3,75,202,"62328"
77,"spotify:track:03a359wbiUsjN9h6yzXvmS","Duki, KHEA","She Don't Give a Fo","DALE PLAY Records",3,77,741,"61571"
78,"spotify:track:2YZDh5CecWx0qlFiTvqVQ9","Justin Quiles","Colorín Colorado","WEA Latina",52,79,157,"60499"
79,"spotify:track:1HhNoOuqm1a5MXYEgAFl8o","Imagine Dragons, JID, Arcane, League of Legends","Enemy (with JID) - from the series Arcane League of Legends","Kid Ina Korner / Interscope",55,80,101,"59863"
80,"spotify:track:7zgz9kzWGXChcjU6krkPWi","FABRO, MYA","Suelta, Sola y Tranquila (feat. MYA)","Sony Music Entertainment Chile S.A",72,78,42,"59364"
81,"spotify:track:2vmfvSoZBFAt9hhRoEByLi","Aventura, Bad Bunny","Volví","Rimas Entertainment LLC",11,82,198,"59306"
82,"spotify:track:2VZmXemWIKoKxJjbA2WHJE","KHEA, FMK","Otro","Young Flex - Khea",51,81,23,"58643"
83,"spotify:track:2ENHU0Zzp2BwZLr3Cyesc1","Danny Ocean, TINI","Tú no me conoces","Atlantic Records",33,83,139,"56493"
84,"spotify:track:2ttUrgPFiyWOHxbauXSVRo","Natalie Perez","Detox","WM Chile",66,84,157,"56367"
85,"spotify:track:79pz16ngfYU2iZV0dvj3QU","La K'onga","Te perdiste mi amor","Leader Music",59,87,86,"55754"
86,"spotify:track:3lCbsHaN1wCxyDzcNN2x4N","Migrantes, Alico","Si Me Tomo Una Cerveza","LEB Records",1,86,463,"54793"
87,"spotify:track:6dnDKVx1eLiYwc9tsy40ps","Callejero Fino, El Pesa 9","Pide - Remix","Callejero Fino",61,85,42,"54157"
88,"spotify:track:7I8L3vYCLThw2FDrE6LuzE","Rusherking, KHEA, Duki, Maria Becerra, LIT killah, Tiago PZK","Además de Mí - Remix","Rusherking",1,88,348,"53533"
89,"spotify:track:7FfQ2E4LqvwKKOyKXyC2L2","LIT killah, Duki","Mala Mía","WEA Latina",17,89,182,"51728"
90,"spotify:track:1DFDbSWdESvzWHHAe6BCQ3","La Delio Valdez","Inocente","Delirio Valdez",56,93,346,"51082"
91,"spotify:track:5A1vGSsqw0UQCBxHOyPOjG","FMK, Tiago PZK, Mau y Ricky","Prende la Cámara RMX","Columbia",45,91,100,"50885"
92,"spotify:track:655JkvIwu2rDCaD1hPf04g","Sebastian Yatra, Myke Towers","Pareja Del Año","UMLE - Latino",2,92,307,"50496"
93,"spotify:track:2qBirMakpTdz9ymxrZEyzg","Luis Alberto Spinetta","Seguir Viviendo Sin Tu Amor","EMI Argentina",69,90,1514,"50492"
94,"spotify:track:4knc1Fp3kbuq8bH2byOvLu","Camilo, Evaluna Montaner","Índigo","Sony Music Latin",13,94,126,"49935"
95,"spotify:track:3GaGWoU1KfVqgl7vnRHP55","C. Tangana","Demasiadas Mujeres","Sony Music Entertainment",95,106,5,"49424"
96,"spotify:track:2MxHuZWC99rsELX9SrCW7K","Wisin, Camilo, Los Legendarios","Buenos Días","Sony Music Latin",93,96,34,"48942"
97,"spotify:track:4OrAAeefsDOdUSfE87C6WR","LIT killah, Maria Becerra","En la Oscuridad","WEA Latina",31,99,180,"47721"
98,"spotify:track:4bF2y8rR7GUjrd5LNEvej3","Ingratax","París","Room28",12,103,211,"47431"
99,"spotify:track:05bfbizlM5AX6Mf1RRyMho","Nio Garcia, J Balvin, Bad Bunny","AM Remix","Flow La Movie",7,102,237,"47323"
100,"spotify:track:1zBnnZCmZJWGVkFGz37UFf","Lali","Disciplina","Ariola",79,97,35,"47305"
101,"spotify:track:7jaYm0oq552xugGmOeE6w5","Kaleb Di Masi, Alan Gomez","Matatan","UMLE - Latino",9,98,187,"47240"
102,"spotify:track:4r9jkMEnArtWGH2rL2FZl0","Bad Bunny","A Tu Merced","Rimas Entertainment LLC",77,95,67,"47131"
103,"spotify:track:0ZAJ660VP57lLK4U7NlGOy","Intoxicados","Nunca quise","Pop Art",65,100,1840,"46742"
104,"spotify:track:7zsgBOY20sX0Z8L4RTdU3Y","Chano","Claramente","Universal Music Argentina S.A.",101,104,18,"46723"
105,"spotify:track:5PjdY0CKGZdEuoNab3yDmX","The Kid LAROI, Justin Bieber","STAY (with Justin Bieber)","Columbia",30,101,221,"46508"
106,"spotify:track:7gNClxHxDnazoQvgFhLMKr","Migrantes, Luck Ra, MYA, Nico Valdi","Lado Triste - Remix","LEB Records",101,105,6,"46276"
107,"spotify:track:1AhNxunSSizAllibrQ7jhu","Quevedo, Linton","Ahora y Siempre","Quevedo",107,110,4,"46114"
108,"spotify:track:6bLvfGI2XeU5DTl8feuNrk","Ke Personajes","Cómo estás","Ke Personajes",18,109,879,"45384"
109,"spotify:track:4WkEH0PgystZUaN6QU6Z0B","TINI, Manuel Turizo","Maldita Foto","Sony Music Latin",11,107,181,"45373"
110,"spotify:track:1GtBrm91qZLzAZ0OR8uSCk","The La Planta","Te Mentiría","The La Planta",106,112,50,"44967"
111,"spotify:track:42ahuAFlYGjIGBpVdHcLij","Bizarrap, Duki, Nicki Nicole","YaMeFui","DALE PLAY Records",3,108,204,"44776"
112,"spotify:track:10zSgbysU2KyVTrcRmtu62","Airbag","Por Mil Noches","DALE PLAY Records / Airbag",59,114,780,"44426"
113,"spotify:track:35wvL50xvKpCHEJPxLOLPI","Bad Bunny","Si Estuviésemos Juntos","Rimas Entertainment LLC",51,111,192,"44324"
114,"spotify:track:2cTKuxpHcPzDFRbbhE2WxP","La K'onga","La Cabaña","Leader Music",52,115,109,"43811"
115,"spotify:track:7ESKEiE8LRLrDwdS2ZgUiR","Tan Bionica","La Melodía de Dios","Pirca Records",22,116,105,"43553"
116,"spotify:track:1Crj1zkRMpsEjb9NOR6Zof","Bizarrap, L-Gante","L-Gante: Bzrp Music Sessions, Vol.38","DALE PLAY Records",1,121,344,"43303"
117,"spotify:track:7nXutPtu8epp2VJ300iN2A","Bizarrap, L-Gante, Pablo Lescano","Pinta","DALE PLAY Records",48,118,28,"43080"
118,"spotify:track:0CgpCtEPvyDizcg2p47VrU","No Te Va Gustar","A las Nueve","Elefante Blanco",91,113,1069,"43027"
119,"spotify:track:6ySWtyMprBb1YX8WAAuFBs","Los Abuelos De La Nada","Mil Horas - 1994 Remastered Version","Universal Music Argentina S.A.",88,124,1325,"42888"
120,"spotify:track:0h1Cp5qtDPVzarqIsdWdCT","DJ Tao, La Joaqui","LA JOAQUI | DJ TAO Turreo Sessions #6","WM Chile",97,120,97,"42877"
121,"spotify:track:0dOdaCeCmUYSqHWjnpLIa9","Tiago PZK","Loco","WEA Latina",9,117,153,"42845"
122,"spotify:track:1ePMFMnmmXSKwDHiI8hzBL","Kaleb Di Masi, Omar Varela","Pal Cache","Wapeo",82,123,112,"42739"
123,"spotify:track:0bI7K9Becu2dtXK1Q3cZNB","Tiësto, KAROL G","Don't Be Shy","Atlantic Records",66,122,184,"42678"
124,"spotify:track:5Z9KJZvQzH6PFmb8SNkxuk","Lil Nas X, Jack Harlow","INDUSTRY BABY (feat. Jack Harlow)","Columbia",42,125,204,"42560"
125,"spotify:track:5uHAzGa4d9j35DEbhUwGhi","WOS","MELÓN VINO","DOGUITO Records / DALE PLAY Records",5,119,691,"42510"
126,"spotify:track:1GzNajZtxF1eUczzec5Ax2","Maria Becerra, Tiago PZK","Cazame","300 Entertainment",5,128,250,"42506"
127,"spotify:track:704LUEih663hiE3CnyUrFW","KAROL G","SEJODIOTO","UMLE - Latino",31,127,148,"42111"
128,"spotify:track:1sZ39ZxvFo8FyMz4s7iVlf","Damas Gratis, L-Gante, Marita","Perrito Malvado","Pelo Music S.A.",13,129,303,"42027"
129,"spotify:track:4Uvf83UnV1LryFvHqqhGpT","La K'onga","Ya No Más","Leader Music",87,133,40,"41127"
130,"spotify:track:4M4DTyLupKvbJKlE4I4EYq","FMK, Tiago PZK, LIT killah, Rusherking","YO SE QUE TU (feat. Rusherking)","Columbia",3,131,278,"40870"
131,"spotify:track:3PfIrDoz19wz7qK7tYeu62","Dua Lipa","Don't Start Now","Warner Records",10,126,839,"40857"
132,"spotify:track:59CfNbkERJ3NoTXDvoURjj","Dove Cameron","Boyfriend","Disruptor Records/Columbia",124,132,6,"40799"
133,"spotify:track:6J8lLpZoRCmB5pTrnB5jpV","Standly, El Barto","Mi Gata","Standly",133,142,8,"40783"
134,"spotify:track:78QcVmzxS0wIwuC2rpAauI","Rauw Alejandro, Mr. Naisgai","2/Catorce","Sony Music Latin/Duars Entertainment",7,136,311,"40756"
135,"spotify:track:46IZ0fSY2mpAiktS3KOqds","Adele","Easy On Me","Columbia",45,130,123,"40440"
136,"spotify:track:6UelLqGlWMcVH1E5c4H7lY","Harry Styles","Watermelon Sugar","Columbia",16,135,695,"40239"
137,"spotify:track:2uFNk4Yiwikx7uUvZtbm2F","Maria Becerra","Episodios","300 Entertainment",108,141,29,"39808"
138,"spotify:track:3JCaq3KDSROg3TXhdiDa9n","JHAYCO, Anuel AA","Ley Seca","N&E Entertainment LLC",54,137,167,"39737"
139,"spotify:track:67Q93kXygxCskeQiIP0V0j","Ciro y los Persas","Me Gusta","300 Producciones",68,134,1801,"39689"
140,"spotify:track:6dT5W7zuEcUZHnZuVlSIJ5","Los Huayra","La Noche Sin Tí","EMI Argentina",103,148,425,"39349"
141,"spotify:track:2WXh1CfW58AFWgxfIRz1qg","Lara91k, Duki, Yesan 雪山, Percii","Eres Para Mí","Clix / DALE PLAY",65,139,34,"39243"
142,"spotify:track:1g4cZvi0nLeeIycd0Rkljj","Lola Indigo, TINI, Belinda","La Niña de la Escuela","Universal Music Spain S.L.",42,138,230,"38965"
143,"spotify:track:3nfICwo20uiFdEGzgNUSrG","Aitana, Nicki Nicole","Formentera","Universal Music Spain S.L.",136,145,58,"38699"
144,"spotify:track:6y6EZKfsOZ7P3ALbnUuXik","Duki","Midtown","DALE PLAY Records / SSJ Records",12,147,84,"38579"
145,"spotify:track:2BDJWePEkczB34ZoDliNSr","Los Nota Lokos, Callejero Fino","Castigo","Los Nota Lokos",93,140,47,"38570"
146,"spotify:track:6J63gKDHJLjiKWQg2LYvm4","Duki","Ley de Atracción","DALE PLAY Records / SSJ Records",15,143,166,"38152"
147,"spotify:track:0vvuIsoJ101Hme1VIXBIEi","Rusherking, Duki","Bailando Te Conocí","Rusherking",10,149,221,"37884"
148,"spotify:track:7u00MkPhGagqaTcbO0YmF3","Sebastian Yatra, Justin Quiles, L-Gante","Regresé","UMLE - Latino",59,151,34,"37618"
149,"spotify:track:4fouWK6XVHhzl78KzQ1UjL","GAYLE","abcdefu","Atlantic/Arthouse Records",91,144,84,"37602"
150,"spotify:track:5jW3rF4URMdK7tO2xjS5EI","Paulo Londra","Tal Vez","WEA Latina",1,150,814,"37549"
151,"spotify:track:1p7m9H4H8s0Y7SgRm7j3ED","Andrés Calamaro","Flaca","DRO/EastWest Spain",90,146,1332,"37328"
152,"spotify:track:0fea68AdmYNygeTGI4RC18","J Balvin, Bad Bunny","LA CANCIÓN","Universal Music Latino / Rimas",5,155,529,"37204"
153,"spotify:track:3xv8JksRyqHa1lwkM9xvJf","Anuel AA, Myke Towers, JHAYCO","Súbelo","Real Hasta La Muerte, LLC",68,153,90,"37199"
154,"spotify:track:6620Y9QwLGuz1cIM1XVibG","La K'onga","Perfecta","Leader Music",114,165,22,"36978"
155,"spotify:track:6c32C8T3KlXrbvWSoD5aON","Myke Towers","EXPERIMENTO","WEA Latina",77,171,124,"36765"
156,"spotify:track:78kygHp1dvW1kncYjBgbe1","Ryan Castro","Mujeriego","Sony Music Entertainment",136,156,20,"36726"
157,"spotify:track:7iqOIHHEmu6Vhw25GgQ2eA","J Balvin, Sech","Una Nota","Sueños Globales, LLC",25,160,160,"36672"
158,"spotify:track:5usHLPkjh7WmJSEWqZHVSE","Maria Becerra","Acaramelao","300 Entertainment",6,162,354,"36512"
159,"spotify:track:7I8o4jSN5Xf7NLXIfjTuM4","DJ Alex, Tirri La Roca, BANDIDO, Homer El Mero Mero, ECKO, Omar Varela","Sembrando el Terror - Remix","DALE PLAY Records",88,167,53,"36501"
160,"spotify:track:5hYRabCQuFZN8yVCQsSeyF","Nicky Jam","Ojos Rojos","Sony Music Latin",157,157,6,"36453"
161,"spotify:track:46HNZY1i7O6jwTA7Slo2PI","Coldplay, BTS","My Universe","Parlophone UK",48,152,143,"36415"
162,"spotify:track:0IqCoZ168iRc9LqfrYgpZy","Camilo, Shawn Mendes","KESI - Remix","Sony Music Latin",56,159,217,"36144"
163,"spotify:track:0TUW9faHNaBmi89wsYGp9y","Trueno, Nicki Nicole, Bizarrap, Taiu, TATOOL","Mamichula - con Nicki Nicole","NEUEN",1,169,571,"36125"
164,"spotify:track:0WuKq2LiraBFney78dzwoc","Ciro y los Persas","Mírenla","300 Producciones",85,172,879,"36101"
165,"spotify:track:3oqWr0jDWNXxWufNogGREp","Gustavo Cerati","Crimen","Ariola",66,166,1861,"36054"
166,"spotify:track:6Uj1ctrBOjOas8xZXGqKk4","Doja Cat","Woman","Kemosabe Records/RCA Records",37,161,204,"36003"
167,"spotify:track:2J3oaXTqKjGGHCOQLeBnBA","ROSALÍA","SAOKO","Columbia",69,176,10,"35997"
168,"spotify:track:0HINQFSerZ6iMfSsaTO3G5","DEKKO","12x3","Interscope Records",168,191,2,"35979"
169,"spotify:track:4axxCbc4tWlpqHP5UbJMc3","Bizarrap, Ptazeta","Ptazeta: Bzrp Music Sessions, Vol. 45","DALE PLAY Records",11,168,133,"35852"
170,"spotify:track:03wQrSM0nV1WyPIgWvapG4","Banda XXI","Cuando Me Enamoro","Garra Records",53,186,119,"35786"
171,"spotify:track:7upAH0ezzsThyvr33YKn4u","Turf","Pasos Al Costado","Pop Art",96,170,1390,"35664"
172,"spotify:track:3uP1USIwwDpOA8uw0LjY2P","No Te Va Gustar, Julieta Venegas","Chau","Elefante Blanco",117,158,239,"35646"
173,"spotify:track:7aPZrVHFSZrcWakHCNn9Fx","The La Planta, EL NOBA, Locura Mix","Salimo en Caravana","The La Planta",95,163,19,"35614"
174,"spotify:track:1yoMvmasuxZfqHEipJhRbp","Maluma","Hawái","Sony Music Latin",1,177,567,"35298"
175,"spotify:track:0HghA8NwsiFcgROYKFjX3W","DJ Tao, Tirri La Roca","EL TIRRI | DJ TAO Turreo Sessions #8","WM Chile",126,179,13,"35155"
176,"spotify:track:20on25jryn53hWghthWWW3","ACRAZE, Cherish","Do It To It","Thrive Music, LLC",116,175,76,"34889"
177,"spotify:track:2XIc1pqjXV3Cr2BQUGNBck","Bad Bunny, ROSALÍA","LA NOCHE DE ANOCHE","Rimas Entertainment LLC",4,178,445,"34853"
178,"spotify:track:6MuJUSYCqA4FpMogUHzb2R","No Te Va Gustar","Ese Maldito Momento","Elefante Blanco",145,174,114,"34739"
179,"spotify:track:6ED43xPAYPXD26yPFxUUuU","Callejero Fino, Fili Wey, El Pesa 9, Pusho DJ","Piola","Callejero Fino",134,189,13,"34737"
180,"spotify:track:0C9V5jMElp7laZZdsCHufD","Los Tipitos","Campanas en la Noche","Pop Art",117,185,1081,"34492"
181,"spotify:track:37BZB0z9T8Xu7U3e65qxFy","The Weeknd, Ariana Grande","Save Your Tears (with Ariana Grande) (Remix)","Republic Records",53,180,281,"34485"
182,"spotify:track:3rmo8F54jFF8OgYsqTxm5d","Ed Sheeran","Bad Habits","Atlantic Records UK",56,164,224,"34456"
183,"spotify:track:5kuidI7QNbpJCB1ObdCPKx","Luck Ra","Te Mentiría","Sony Music Entertainment Chile S.A",22,181,341,"34448"
184,"spotify:track:0HgkRcmGDiza3KTjM3Ifnu","Banda Mix, Q' Lokura","200 Copas","Q' Lokura",107,195,18,"34436"
185,"spotify:track:6dlW3JOpCjzLBaNLiMfmx9","Bruno LC, Blunted Vato, Mesita","BLUNTED 5 - Remix","Bruno Lopez",12,154,289,"33959"
186,"spotify:track:0obLPbz7uv02f5Z3BNIuIv","La K'onga","Si Me Dices Que Si","Leader Music bajo licencia de INTI-MOLE S.R.L.",114,196,11,"33936"
187,"spotify:track:5iF33sXejXwfTuidVHMll0","Carlos Vives, Ricky Martin","Canción Bonita","Sony Music Latin",89,192,285,"33666"
188,"spotify:track:0VjIjW4GlUZAMYd2vXMi3b","The Weeknd","Blinding Lights","Republic Records",14,182,756,"33663"
189,"spotify:track:6rg1MBZqggsQ5olFGTw0rr","Divididos","Spaghetti del Rock","Ariola",81,173,1856,"33623"
190,"spotify:track:69vlMrzHwATKzupwNcUPyK","Bad Bunny, Daddy Yankee","La Santa","Rimas Entertainment LLC",17,-1,250,"33557"
191,"spotify:track:4hWxgSdGI8XZEALipeTwfx","MYA, LIT killah, Rusherking","Como + Nadie","Columbia",33,187,155,"33521"
192,"spotify:track:3Oa9oxOLUYGQgzKXGIMpWy","La K'onga","Convénceme","Leader Music",120,-1,7,"33304"
193,"spotify:track:4HYDUMY0xSpeBr0AMY9cUz","Jay Wheeler, DJ Nelson, Myke Towers","La Curiosidad","Linked Music / Dynamic Records / EMPIRE",2,198,606,"33303"
194,"spotify:track:37oaImGdDkQgIIUZDvFGdr","Nicki Nicole","Baby","Sony Music Latin/DALE PLAY Records",66,190,102,"33273"
195,"spotify:track:5oLWzTgq6WsZyMF16IiN7R","DJ Tao, EL NOBA, DT.Bilardo","EL NOBA | DJ TAO Turreo Sessions #7","WM Chile",111,184,14,"33081"
196,"spotify:track:5QKk5N5xJQGsWMhPM80Kfv","Carolina Gaitán - La Gaita, Mauro Castillo, Daniela Sierra, Juanse Diez, Isabel Garcés, Olga Lucía Vives, Encanto - Elenco","No se habla de Bruno","Walt Disney Records",162,183,14,"33031"
197,"spotify:track:41wtwzCZkXwpnakmwJ239F","Bad Bunny","Si Veo a Tu Mamá","Rimas Entertainment LLC",21,200,182,"33020"
198,"spotify:track:2KcNrONbZ0hvBPjvrDO2tx","Myke Towers","ALMAS GEMELAS","WEA Latina",24,-1,200,"32894"
199,"spotify:track:0wDjuXaTy4MVdFOy65Gz9H","Young Cister, Duki","DOLCE","Sony Music Entertainment Chile S.A",151,193,7,"32893"
200,"spotify:track:2n7ohqg1s68ToAHh4u9mcW","Bad Bunny","Vete","Rimas Entertainment LLC",7,188,299,"32799"
